<?xml version="1.0" encoding="utf-8"?>
<document>
  <properties>
    <title>Downloads</title>
    <author email="brad at archive dot org">Brad</author>
    <revision>$Id$</revision>
  </properties>

  <body>
  <section name="Downloads">

    <subsection name="Releases">
        <p>All releases are available off the 
        <a href="http://sourceforge.net/project/showfiles.php?group_id=118427">Sourceforge Downloads</a> page.  Full <a href="release_notes.html">Release notes</a> are available for releases beyond 1.2.0.
        </p>
	</subsection>
   
    <subsection name="Continuous build">
		<p>Here is a
        <a href="http://builds.archive.org:8081/continuum/">pointer</a> to our
        continuous build box.  The latest builds can be found under
        <a href="http://builds.archive.org:8080/maven2/org/archive/wayback/wayback/">
				our maven2 repository</a> Be aware that this distribution has been made
        from HEAD and HEAD builds are not guaranteed stable.
        </p>
	</subsection>
    
  </section>

  </body>
</document>
