<?xml version="1.0" encoding="utf-8"?>
<document>
	<properties>
		<title>System Runtime Requirements</title>
		<author email="brad at archive dot org">Brad Tofel</author>
		<revision>$Id$</revision>
	</properties>
	
	<body>
		<section name="Runtime Requirements">
			<subsection name="JAVA">
				<p>
					Tested working with SUN v1.6. It is highly recommended you
					use the latest version available for your operating system.
				</p>
			</subsection>
			<subsection name="Tomcat">
				<p>
					Tested working with Apache Tomcat 
					<a href="http://tomcat.apache.org/download-55.cgi">5.5</a>,
					and 
					<a href="http://tomcat.apache.org/download-60.cgi">6.0</a>.
				</p>

			</subsection>
		</section>
		<section name="Build from src Requirements" >
			<subsection name="Maven">
				<p>
					If you want to build distributions and the website, you'll 
					need Maven 2.
				</p>
			</subsection>
		</section>
	</body>
</document>
