<?xml version="1.0" encoding="utf-8"?>
<document>
	<properties>
		<author email="brad.AT.archive.DOT.org">Brad Tofel</author>
		<title>User Manual</title>
	</properties>
	<meta name="keyword" content="wayback machine, heritrix, java"/>
	<body>
		<section name="Introduction">
			<p>
				The Wayback Machine is a pure Java application that allows
				web browsers to access and search content stored in a set of ARC
				files.
			</p>
			<p>
			 Remainder TBD.
			</p>
		</section>
	</body>
</document>
