<?xml version='1.0' encoding='utf-8'?>
<!DOCTYPE hibernate-configuration PUBLIC
"-//Hibernate/Hibernate Configuration DTD 2.0//EN"
"http://hibernate.sourceforge.net/hibernate-configuration-2.0.dtd">
<hibernate-configuration>
	<session-factory>
		<property name="connection.driver_class">
			org.hsqldb.jdbcDriver
		</property>
		<property name="connection.url">
			jdbc:hsqldb:data/userejb
		</property>
		<property name="connection.username">sa</property>
		<property name="connection.password"></property>
		<property name="show_sql">true</property>
		<property name="dialect">
			org.hibernate.dialect.HSQLDialect
		</property>
		<property name="transaction.factory_class">
			org.hibernate.transaction.JDBCTransactionFactory
		</property>
		<mapping resource="Rule.hbm.xml" />
		<mapping resource="RuleChange.hbm.xml" />

	</session-factory>
</hibernate-configuration>
