<?xml version="1.0" encoding="UTF-8"?>
<project name="Wayback">
  <bannerLeft>
    <name>Wayback</name>
    <src>images/ia_logo.gif</src>
    <href>http://archive-access.sourceforge.net/projects/wayback/</href>
  </bannerLeft>
  <bannerRight>
    <name>Wayback</name>
  </bannerRight>
  <body>

    <links>
      <item name="Sourceforge" href="http://www.sourceforge.net"/>
      <item name="Heritrix" href="http://crawler.archive.org"/>
      <item name="NutchWAX" href="http://archive-access.sourceforge.net/projects/nutchwax/"/>
      <item name="Archive Access" href="http://archive-access.sourceforge.net"/>
      <item name="Internet Archive" href="http://www.archive.org"/>
      <item name="Home" href="index.html"/>
    </links>

    <menu name="Overview">
      <item name="Requirements" href="requirements.html"/>
      <item name="Downloads" href="downloads.html"/>
      <item name="Administrator Manual" href="administrator_manual.html"/>
      <item name="URL Prefixes and AccessPoint names" href="access_point_naming.html"/>
      <item name="Hadoop CDX Generation" href="hadoop.html"/>
      <item name="Release Notes" href="release_notes.html"/>
      <item name="FAQ" href="/faq.html"/>
      <item name="API" href="./apidocs"/>
      <item name="Browse/Submit a Bug" 
        href="https://webarchive.jira.com/browse/ACC/component/10031"/>
    </menu>

    <menu ref="reports"/>

  </body>
</project>
